{
  "accuracy": 0.9988305980079842,
  "macro_f1": 0.9939530671733485,
  "per_class": {
    "0": {
      "precision": 1.0,
      "recall": 1.0,
      "f1": 1.0,
      "support": 161
    },
    "1": {
      "precision": 1.0,
      "recall": 1.0,
      "f1": 1.0,
      "support": 2101
    },
    "2": {
      "precision": 1.0,
      "recall": 1.0,
      "f1": 1.0,
      "support": 18926
    },
    "3": {
      "precision": 1.0,
      "recall": 1.0,
      "f1": 1.0,
      "support": 1608
    },
    "4": {
      "precision": 0.9817184643510055,
      "recall": 0.9658273381294964,
      "f1": 0.9737080689029919,
      "support": 556
    },
    "5": {
      "precision": 0.9869505494505495,
      "recall": 0.9930891499654457,
      "f1": 0.9900103341370995,
      "support": 1447
    }
  },
  "classes": [
    "F",
    "M",
    "N",
    "Q",
    "S",
    "V"
  ]
}